{
    "best_error":0.0000000928,
    "best_score":"0.9999999071701582",
    "best_values":[
        "70",
        "0",
        "100",
        "0.3749999990717015"
    ],
    "limit":20,
    "minimize":false,
    "num_employers":50,
    "valueRanges":[
        [
            "int",
            [
                0,
                100
            ]
        ],
        [
            "int",
            [
                0,
                100
            ]
        ],
        [
            "float",
            [
                0,
                100
            ]
        ],
        [
            "float",
            [
                0,
                100
            ]
        ]
    ]
}